wavelength,intensity,angles(radians),sin(theta)
500,0.762,0.397379776,0.387003622
587,0.962,0.426792464,0.413953123
665,0.966,0.564482562,0.534978722
704,0.938,0.500879679,0.480197344
